mondo_id,organ_immune_system,organ_skin_connective,organ_musculoskeletal,organ_nervous_system,organ_renal_urinary,organ_gastrointestinal,organ_cardiovascular,organ_respiratory,organ_hematologic,organ_endocrine,organ_ocular
12186,1,0,1,1,1,0,0,0,1,1,0
6558,0,0,0,0,0,0,0,0,0,0,1
20516,1,1,0,0,1,1,0,1,0,1,0
18874,1,0,0,1,1,1,0,1,0,1,0
605,0,0,0,0,0,0,0,1,0,0,0
13934,1,1,1,1,1,1,1,1,1,1,1
10295,1,1,1,1,1,0,1,0,0,1,1
30498,1,1,1,1,1,1,1,1,1,1,0
17597,1,0,1,0,0,0,0,0,0,1,0
44201,1,1,1,1,1,1,1,1,1,1,1
850449,1,1,0,1,1,1,0,1,1,1,0
4643,1,0,0,0,0,0,0,0,0,0,0
15537,0,0,0,0,0,0,0,0,0,0,0
957981,1,1,1,1,1,1,1,1,1,1,0
10017,0,0,0,0,0,0,0,0,0,0,0
31012,1,0,1,0,1,0,0,1,1,1,1
10315,1,1,1,1,1,1,1,1,1,1,1
12371,0,0,0,0,0,0,0,0,0,0,0
12727,1,1,1,0,1,1,1,1,1,1,0
15539,1,0,1,1,1,1,1,1,0,1,1
225,0,0,0,0,0,0,0,0,0,0,0
33669,0,0,0,0,0,0,0,0,0,0,0
12316,0,0,0,0,0,0,0,0,0,0,0
19316,1,0,0,1,0,0,1,1,1,1,0
15517,1,1,1,1,1,1,1,1,1,1,1
35500,1,1,1,1,1,1,1,1,1,1,1
13343,1,1,1,1,1,1,1,1,1,1,1
14222,1,1,1,1,1,1,1,1,1,1,0
971016,1,1,1,1,1,1,1,1,1,1,1
4463,1,1,1,1,0,1,0,1,1,1,1
8633,0,0,0,0,0,0,0,0,0,0,0
21500,1,1,1,1,0,1,0,0,1,1,0
10293,1,1,1,1,1,1,1,1,1,1,1
35290,1,1,0,1,1,0,1,0,1,0,0
100397,1,0,0,1,1,1,0,1,0,1,0
33968,1,1,1,1,1,1,0,1,1,1,0
15542,1,0,0,0,0,1,1,0,0,1,0
8232,1,1,1,1,1,1,1,1,1,1,1
5642,1,1,0,0,0,0,0,0,0,0,0
12831,1,1,0,1,0,1,1,0,1,0,0
100211,1,1,1,1,1,1,1,1,1,1,1
16309,1,1,1,1,1,1,0,1,1,1,1
30266,1,1,1,1,1,1,1,1,1,1,1
12973,1,1,0,1,0,1,1,0,1,0,0
10543,0,0,0,0,0,0,0,0,0,0,0
814,1,1,1,1,1,1,1,1,1,1,1
850225,1,0,1,0,1,0,0,1,1,1,0
7817,1,1,0,0,0,0,0,0,0,0,0
6969,0,0,0,0,0,0,0,0,0,0,0
800145,1,1,1,1,1,1,1,1,1,1,1
859598,0,0,0,0,0,0,0,0,0,0,0
19838,0,0,0,0,0,0,0,0,0,0,0
3976,1,0,0,0,0,0,0,0,0,0,1
30679,0,0,0,0,0,0,0,0,0,0,0
14118,1,1,1,1,1,1,1,1,1,1,1
18827,1,1,1,1,1,1,1,1,1,1,1
10127,1,1,1,1,1,1,1,1,1,1,1
1290,1,0,1,1,0,0,1,1,1,1,0
20321,1,1,0,1,1,1,0,1,0,1,0
1238,0,0,0,0,0,0,0,0,0,0,0
9506,1,1,1,1,1,1,1,1,1,1,1
20517,1,1,1,0,0,0,0,0,0,0,0
3070,0,0,0,0,0,0,0,0,0,0,0
33969,1,1,0,1,0,1,1,1,1,0,0
4612,1,0,0,0,0,0,0,0,0,0,1
22338,1,0,0,0,0,0,0,0,0,0,0
18864,0,0,0,0,0,0,0,0,0,0,0
15814,1,1,1,1,1,1,1,1,1,1,1
12500,0,0,0,0,0,0,0,0,0,0,0
771,0,1,1,1,0,0,0,1,0,1,0
18242,1,0,1,0,1,0,0,1,1,1,0
5374,1,0,1,0,0,1,0,1,1,1,0
12594,1,1,1,1,1,1,1,1,1,1,1
975761,1,1,1,1,1,1,1,1,1,1,0
6387,1,1,1,1,1,1,1,1,1,1,1
958017,1,1,1,1,1,1,1,1,1,1,1
2047,1,0,1,1,1,1,1,1,1,1,0
30798,1,1,1,1,1,1,1,1,1,1,0
21176,1,0,1,0,1,0,0,1,1,1,0
54699,1,0,0,0,0,0,1,0,0,0,0
589,1,0,1,1,1,0,1,1,1,1,1
850426,1,0,1,0,0,0,0,0,1,1,0
43257,0,0,0,0,0,0,0,0,0,0,0
18088,1,1,1,1,1,1,1,1,1,1,1
100412,1,0,1,1,1,1,1,1,0,1,0
30894,1,0,1,1,0,1,1,1,0,1,1
2756,0,0,1,0,0,0,0,0,0,0,0
16168,1,0,1,0,0,0,0,0,1,0,0
19452,1,0,0,0,0,0,0,0,0,0,0
9601,1,1,1,1,1,1,1,1,1,1,1
2977,1,0,1,0,1,0,1,1,1,1,1
17617,1,1,1,1,1,1,1,1,1,1,1
10518,0,0,0,0,0,0,0,0,0,0,0
13284,1,0,0,0,0,1,1,1,1,0,0
17347,1,0,1,0,0,0,0,0,0,1,0
19385,1,0,1,1,1,1,1,1,1,1,1
19532,1,0,1,1,1,0,0,1,1,1,0
6614,0,0,0,0,0,0,0,0,0,0,0
9533,0,0,0,0,0,0,0,0,0,0,0
975867,1,0,0,0,0,0,0,0,0,0,0
18159,1,1,1,1,1,1,1,1,1,1,1
19576,1,0,0,0,1,0,0,0,0,0,0
6565,1,1,1,0,0,0,0,1,0,1,0
11985,1,0,0,0,0,0,0,0,0,0,0
14637,1,1,1,1,1,1,1,1,1,1,1
2755,0,0,1,0,0,0,1,0,0,0,0
13153,1,1,0,1,0,1,1,0,1,0,0
9051,1,0,0,1,0,1,1,1,0,1,0
4670,0,0,0,0,0,0,0,0,0,0,0
13606,0,0,0,0,0,0,0,0,0,0,0
25512,0,0,0,0,0,0,0,1,0,0,0
24541,0,0,0,0,0,0,0,0,0,0,0
54698,1,0,0,0,0,0,1,0,0,0,0
21202,1,1,1,1,0,0,0,1,1,0,1
8617,1,1,0,1,0,1,1,0,1,0,0
17925,1,1,1,1,1,1,1,1,1,1,0
1901,1,1,1,1,1,1,1,1,1,1,1
621,1,0,1,1,1,0,1,1,1,1,1
100396,1,0,0,1,1,1,0,1,0,1,0
41535,1,0,0,1,0,1,1,1,1,0,0
54696,1,1,1,1,1,1,1,1,1,1,0
12724,1,1,1,1,1,1,1,1,1,1,1
14456,1,1,1,1,1,1,1,1,1,1,1
16977,1,1,0,0,1,1,0,1,0,1,0
9452,1,1,1,1,1,1,1,1,1,1,1
18871,1,0,0,1,1,1,0,1,0,1,0
12829,1,1,0,1,0,1,1,0,1,0,0
30898,1,1,1,1,1,1,1,1,1,1,0
4195,1,1,1,1,1,1,1,1,1,1,1
573,1,1,1,1,1,1,1,1,1,1,1
11024,1,1,1,1,1,1,1,1,1,1,1
6456,0,0,0,0,0,0,0,0,0,0,0
14986,1,0,1,1,1,0,0,0,1,1,0
13767,1,0,1,0,1,0,0,1,1,1,0
30703,1,0,1,0,1,0,1,1,1,1,0
569,1,0,1,1,1,1,1,1,1,1,1
20547,1,1,1,1,0,1,0,1,0,0,1
12729,1,1,1,1,1,0,0,0,0,0,1
6525,1,1,1,0,0,0,0,1,0,0,0
11086,1,1,1,1,1,1,1,1,1,1,1
13016,1,1,1,1,1,1,1,1,1,1,1
18746,0,0,0,0,0,0,0,0,1,1,1
13287,1,1,1,1,1,1,1,1,1,1,1
13851,1,1,1,1,1,1,1,1,1,1,1
17604,1,0,1,0,0,0,0,0,0,1,0
958030,1,1,1,1,1,1,1,1,1,1,0
958120,1,1,1,1,1,1,1,1,1,1,1
12757,1,0,1,1,1,1,0,1,0,1,0
33555,1,1,1,1,1,1,1,1,1,1,0
13139,1,1,1,1,1,1,1,1,1,1,1
11336,1,1,1,1,1,1,1,1,1,1,1
958115,1,1,1,1,1,1,1,1,1,1,1
44725,1,1,1,1,1,1,1,1,1,1,1
17227,1,0,1,0,1,0,0,1,1,1,0
18436,1,0,0,1,1,1,0,1,0,1,0
7691,1,1,1,1,1,1,1,1,1,1,1
22323,0,0,0,0,0,0,0,0,0,0,0
5095,0,0,0,0,0,0,0,0,0,0,0
3778,1,0,0,0,0,0,0,0,0,0,0
7699,1,0,0,0,0,0,0,0,0,1,0
9693,0,0,0,0,0,0,0,0,0,1,0
957807,1,1,1,1,1,1,1,1,1,1,1
100377,1,0,0,1,1,1,0,1,0,1,0
572,1,1,1,1,1,1,1,1,1,1,1
100392,1,0,0,1,1,1,0,1,0,1,0
970993,1,1,1,1,1,1,1,1,1,1,0
850103,1,1,1,1,1,1,1,1,1,1,1
12883,1,0,0,1,1,1,0,1,0,1,0
11096,1,1,1,1,1,1,1,1,1,1,1
800147,1,1,1,1,1,1,1,1,1,1,1
17769,1,1,1,1,1,1,1,1,1,1,0
11584,1,0,1,1,1,0,0,0,1,1,0
13248,1,0,1,1,1,0,0,0,1,1,0
6430,1,0,1,0,0,0,0,0,0,1,0
30971,1,1,1,1,1,1,1,1,1,1,1
1222,1,1,1,1,1,1,1,1,1,1,1
4949,1,0,0,1,0,0,0,1,1,1,0
800149,1,1,1,1,1,1,1,1,1,1,1
6039,0,0,0,0,0,1,1,0,0,1,0
11888,1,1,1,1,1,1,1,1,1,1,0
18896,1,0,0,0,0,0,0,0,0,0,0
9756,0,0,0,0,0,0,0,0,0,0,0
11776,0,0,0,0,0,0,0,0,0,0,0
4642,1,0,0,1,1,0,1,1,0,1,0
8092,1,0,1,1,1,0,1,1,0,0,0
5235,0,0,0,0,0,0,0,0,0,1,0
11686,1,1,1,1,1,1,1,1,1,1,1
20655,0,0,1,0,0,0,0,1,0,1,0
5906,0,0,0,0,0,0,0,0,0,0,0
9309,1,1,1,1,1,1,1,1,1,1,1
4122,1,1,0,1,1,1,1,1,0,1,1
12359,1,1,1,1,1,1,1,1,1,1,1
20526,1,0,0,1,1,1,0,1,0,1,0
36870,1,0,0,1,0,0,1,0,1,1,1
18688,0,0,0,0,0,0,0,0,0,0,1
20322,1,0,0,1,1,1,0,1,0,1,0
7572,1,1,1,1,1,1,1,1,1,1,1
14317,1,0,1,1,1,0,1,1,1,1,1
957809,1,1,1,1,1,1,1,1,1,1,1
708,0,0,0,0,0,1,0,0,0,0,0
17599,1,0,1,1,0,1,1,1,1,1,1
12291,1,1,1,1,1,1,1,1,1,1,1
971151,1,1,1,1,1,1,1,1,1,1,0
19098,1,0,1,0,1,0,0,1,1,1,0
850471,1,0,1,1,0,0,0,0,1,1,0
16164,0,1,0,0,0,0,0,0,0,0,0
20347,1,1,0,1,1,1,1,1,1,1,0
14887,1,1,1,1,1,1,1,1,0,1,0
6794,1,0,1,0,0,0,1,1,1,0,0
16586,1,0,1,0,0,0,1,0,1,0,0
14260,1,0,0,0,0,1,1,1,1,0,0
13576,1,1,1,1,1,1,1,1,1,1,1
4297,1,1,0,0,1,1,0,1,0,1,0
20535,0,0,0,0,0,0,0,1,0,0,0
13042,1,1,1,1,0,0,0,1,0,1,1
11786,0,0,0,0,0,0,0,1,0,0,0
18305,1,1,1,1,0,1,0,1,0,0,1
5011,0,0,0,0,0,1,0,0,0,0,0
6462,1,1,1,1,1,0,1,1,1,1,0
18876,1,0,1,0,0,0,0,0,0,1,0
872,1,0,1,1,1,1,0,1,1,1,0
6596,1,1,1,0,0,0,0,0,0,0,0
28226,1,1,1,1,1,1,1,1,1,1,1
9973,1,0,1,1,1,1,0,1,0,1,0
12146,1,1,1,1,1,1,1,1,1,1,1
30973,1,1,1,1,1,1,1,1,1,1,0
14861,1,1,1,0,1,1,1,1,1,1,0
13408,1,1,1,1,1,1,1,1,1,1,0
18356,1,1,1,1,1,1,1,1,1,1,0
19328,1,0,1,1,1,1,1,1,0,0,1
5572,0,0,0,0,0,0,0,0,0,0,0
13427,1,1,1,1,1,1,1,1,1,1,0
11661,1,1,0,1,0,1,1,0,1,0,0
7918,1,1,1,1,1,1,1,1,1,1,1
15554,0,1,1,1,0,0,1,1,0,1,0
5831,1,1,1,0,1,1,1,1,1,1,0
3086,1,1,0,0,1,1,0,1,0,1,0
700306,1,1,1,1,1,1,1,1,1,1,0
800134,1,1,1,1,1,1,1,1,1,1,1
15533,1,1,1,1,0,1,0,0,0,0,0
20076,1,0,0,0,0,0,0,0,1,1,0
9308,1,1,1,1,1,1,1,1,1,1,1
17992,1,0,1,0,0,1,1,1,1,0,0
33643,1,1,0,1,0,1,1,0,1,0,0
19167,1,0,1,0,0,0,1,1,1,0,0
13276,0,0,0,0,0,0,0,0,0,0,0
36696,1,0,0,0,0,0,0,0,1,1,0
5265,1,1,0,1,0,1,1,0,1,0,0
8109,0,0,1,1,1,0,1,0,0,0,1
4165,1,1,1,1,1,1,1,1,1,1,1
975870,1,0,1,1,1,1,0,1,0,1,0
19562,0,1,0,0,0,0,0,0,0,0,0
32782,1,1,1,1,1,1,1,1,1,1,0
18756,0,0,0,0,0,0,0,0,0,1,0
3493,1,1,0,0,1,1,0,0,0,1,0
971011,1,1,1,1,1,1,1,1,1,1,1
6418,1,0,1,1,0,1,1,1,0,1,1
100420,1,0,1,1,1,1,1,1,0,1,0
2440,0,0,0,0,0,0,0,0,0,0,0
18747,1,1,0,0,1,0,0,1,1,1,0
30314,1,1,1,1,1,1,1,1,1,1,1
14414,1,0,1,1,1,0,0,1,1,1,1
500000,1,1,1,0,0,0,0,0,0,0,0
19527,0,1,0,0,0,0,0,0,0,0,0
850068,0,0,1,1,1,0,0,1,1,1,1
100402,1,0,0,1,1,1,0,1,0,1,0
21207,0,0,0,0,0,1,0,0,0,0,0
18256,1,0,0,1,1,1,0,1,0,1,0
15534,0,0,1,0,0,0,0,1,0,1,0
15691,0,0,0,0,0,0,0,0,0,0,0
20334,1,0,0,0,0,0,0,0,0,0,0
44200,1,1,1,1,1,1,1,1,1,1,1
100299,1,0,0,1,0,0,0,0,0,0,0
971014,1,1,1,1,1,1,1,1,1,1,1
15243,0,0,0,0,0,0,0,1,0,0,0
11273,1,1,1,1,1,1,1,1,1,1,1
659,1,0,0,0,0,0,0,0,0,0,0
18338,0,0,0,0,0,0,0,0,0,0,0
19787,1,0,1,0,1,0,0,1,1,1,0
975906,1,0,0,0,0,0,0,0,0,0,0
956987,1,0,1,1,0,0,0,0,1,1,0
6616,1,1,1,0,0,0,0,0,0,0,0
16306,1,1,1,1,1,1,0,1,1,1,1
6866,1,1,0,1,0,1,0,1,1,1,0
10809,1,1,1,1,1,1,1,1,1,1,1
12650,1,1,1,1,1,1,1,1,1,1,1
30308,1,1,1,1,1,1,1,1,1,1,0
2468,0,0,0,0,0,0,0,0,0,0,0
9214,1,0,1,1,1,0,0,0,1,1,0
14268,1,1,1,1,1,1,1,1,1,1,1
5798,0,0,1,0,0,1,0,0,0,1,0
15536,0,1,0,0,0,0,0,0,0,0,0
100002,0,0,0,0,0,0,0,1,0,0,0
975862,1,0,0,0,0,0,0,0,0,0,0
19557,0,0,0,0,0,0,0,0,0,0,0
800131,1,1,1,1,1,1,1,1,1,1,1
7414,0,0,0,0,0,0,0,0,0,0,0
10514,1,1,1,1,1,1,1,1,1,1,1
5435,1,0,1,1,1,0,1,1,1,1,0
11383,1,0,1,0,1,0,0,1,1,1,0
3539,1,1,1,1,1,1,1,1,0,1,1
975866,1,0,1,1,0,0,0,0,0,0,0
14338,1,1,1,1,1,1,1,0,1,1,0
10627,1,1,1,1,1,1,1,1,1,1,1
31043,1,0,1,1,1,1,1,1,0,0,1
16256,1,0,0,0,0,0,0,0,0,0,0
18434,1,0,0,1,1,1,0,1,0,1,0
5851,0,0,0,0,0,0,0,0,0,0,0
18439,0,0,0,0,0,1,1,0,0,1,0
8704,1,1,1,1,1,1,1,1,1,1,1
13422,1,1,1,1,1,1,1,1,1,1,1
6428,1,0,1,1,0,0,0,0,1,1,0
975863,1,0,0,0,0,0,0,0,0,0,0
850418,1,0,1,1,0,0,0,0,1,1,0
850109,1,1,1,1,1,1,1,1,1,1,1
15131,1,1,1,1,1,1,1,1,1,1,0
15042,1,1,0,1,1,1,1,1,1,1,1
700338,1,1,1,1,1,1,1,1,1,1,1
14985,1,0,1,1,1,0,0,0,1,1,0
19122,1,0,1,1,1,1,0,1,1,1,1
19458,1,0,0,1,1,1,0,1,0,1,0
5438,1,1,1,0,1,1,1,1,1,1,1
5966,0,0,0,1,1,0,0,1,0,1,0
1367,1,1,1,1,0,1,1,1,0,0,1
44721,1,1,1,1,1,1,1,1,1,1,1
9272,0,0,0,0,0,0,0,0,0,0,0
968983,1,0,0,0,0,0,1,0,0,0,0
16978,1,1,0,0,1,1,0,1,0,1,0
4805,0,0,0,0,0,0,0,0,0,0,0
100407,1,0,0,1,1,1,0,1,0,1,0
6188,1,0,1,1,0,0,0,1,0,1,0
3827,1,0,1,1,0,1,0,1,0,1,0
5813,1,0,1,0,0,0,0,0,0,0,0
1082,1,1,1,1,1,1,1,1,1,1,0
9694,1,1,1,1,1,1,1,1,1,1,1
2592,1,0,0,0,0,0,0,0,0,0,1
850812,1,1,1,1,1,1,1,1,1,1,1
15531,1,0,0,0,0,0,0,0,0,0,0
850106,1,1,1,1,1,1,1,1,1,1,1
7361,1,1,1,1,1,1,1,1,1,1,1
44903,0,0,0,0,0,0,0,0,1,0,0
23297,0,0,1,1,0,0,0,0,0,0,0
19073,1,1,1,1,1,1,1,1,1,1,1
715,1,1,1,1,1,1,1,1,1,1,1
32564,1,0,0,0,0,0,0,0,0,0,0
14226,1,0,1,1,0,1,0,1,1,1,1
971013,1,1,1,1,1,1,1,1,1,1,1
24332,0,0,0,0,0,0,0,1,0,0,0
19451,1,1,1,1,0,1,0,1,0,0,1
850301,0,0,0,0,0,0,0,0,0,0,1
33925,0,0,0,0,0,0,0,0,0,0,0
9213,1,0,1,1,1,0,0,0,1,1,0
971006,1,1,1,1,1,1,1,1,1,1,1
11462,0,0,1,0,0,0,0,0,0,0,0
11431,1,1,1,1,1,1,1,1,1,1,1
18628,0,0,0,1,1,0,0,1,0,1,0
15535,0,1,0,0,0,0,0,0,0,0,0
18673,0,0,0,0,1,0,0,0,0,1,1
630,1,1,1,1,1,1,1,1,1,1,1
17834,1,0,0,0,0,1,1,0,0,1,0
13417,1,1,1,1,1,1,1,1,1,1,1
957920,1,1,1,1,1,1,1,1,1,1,0
13285,1,0,0,0,0,1,1,1,1,0,0
20686,1,0,0,1,1,1,0,1,0,1,0
19480,0,0,1,0,0,0,0,0,0,0,0
100376,1,0,0,1,1,1,0,1,0,1,0
16307,1,1,1,1,1,1,1,1,1,1,1
33862,1,1,1,1,1,1,1,1,1,1,1
6998,0,0,0,1,1,0,0,1,0,1,0
13186,0,0,0,0,0,0,0,0,0,0,0
15545,0,0,0,0,0,0,0,0,0,0,0
30702,1,0,1,0,1,0,0,1,1,1,0
17364,0,0,0,0,0,0,0,0,0,0,0
1060178,0,0,0,0,0,0,0,1,0,0,0
30693,1,1,1,1,1,1,1,1,1,1,0
11531,0,0,0,0,0,0,0,0,0,0,0
19753,0,1,0,0,0,0,0,0,0,0,0
15165,1,0,1,1,1,1,1,1,1,1,1
15698,1,0,1,1,0,1,0,1,0,1,0
7915,1,0,1,0,0,0,1,0,1,0,0
16356,1,0,1,1,1,0,1,1,1,1,0
100464,1,1,1,1,1,1,1,1,1,1,1
19964,1,0,0,0,1,1,0,1,0,1,0
100004,0,0,0,0,0,0,0,0,0,0,0
9165,0,0,0,0,0,0,0,0,0,0,0
975871,1,0,1,1,1,1,0,1,0,1,0
5624,1,0,0,0,0,0,0,0,0,1,0
850067,1,1,1,1,1,1,1,1,1,1,1
13566,1,0,1,1,1,0,0,0,1,1,0
30491,1,1,1,1,1,1,1,1,1,1,0
8000023,1,0,1,0,1,0,0,1,1,1,0
18153,0,0,0,0,0,0,0,0,0,0,0
33554,1,1,1,1,1,1,1,1,1,1,0
3832,1,1,1,1,1,1,1,1,1,1,1
30069,1,1,1,1,1,1,1,1,1,1,1
10294,1,1,1,1,1,1,1,1,1,1,1
20546,1,1,0,1,1,1,0,1,0,1,0
958162,1,0,0,1,1,1,0,1,0,1,0
17979,1,0,1,0,1,0,0,1,1,1,0
15,1,1,1,1,1,1,1,1,1,1,1
16537,1,0,0,0,0,0,0,0,0,0,0
15701,1,1,1,1,1,1,1,1,1,1,1
4152,1,1,1,1,1,1,1,1,0,1,1
159,1,1,1,1,1,1,1,1,0,1,0
1892,1,0,1,1,0,0,0,0,0,1,0
8219,0,0,0,0,0,0,0,0,0,0,0
14837,1,0,1,0,1,0,0,0,1,0,0
18358,1,1,1,1,1,1,0,1,1,1,0
5692,0,0,0,0,0,0,0,0,0,0,0
4644,1,0,0,1,0,0,0,0,0,0,0
18621,1,1,1,1,1,1,1,1,1,1,1
1010174,1,1,1,1,1,1,1,1,1,1,0
3067,0,0,0,1,0,0,0,0,0,0,0
22812,1,1,1,1,1,1,1,1,1,1,1
850223,0,0,0,0,0,0,0,0,0,0,0
21950,1,0,1,0,1,0,0,1,1,1,0
15176,0,0,0,0,0,1,1,0,0,1,0
975907,1,0,1,0,1,1,1,1,0,0,0
100006,1,0,0,0,0,1,1,0,0,1,0
30302,1,1,1,1,1,1,1,1,1,1,0
14810,0,0,0,0,0,0,0,0,0,1,0
13599,1,1,1,1,1,1,1,1,1,1,1
16423,1,0,1,0,1,0,0,1,1,1,0
18905,1,0,1,1,0,0,0,0,1,1,0
22518,1,0,1,0,1,0,0,1,1,1,0
10455,1,1,1,1,1,1,1,1,1,1,1
18997,0,0,0,0,0,0,0,0,0,0,0
100410,1,0,0,1,1,1,0,1,0,1,0
33541,1,1,1,1,1,1,1,1,1,1,0
12837,1,1,0,1,0,1,1,0,1,0,0
5246,0,0,0,0,0,0,0,0,0,0,0
12930,1,1,1,1,1,1,1,1,1,1,1
7603,0,0,0,0,0,0,0,0,0,0,0
15043,0,1,0,0,0,0,0,0,0,0,0
12832,1,1,0,1,0,1,1,0,1,0,0
9975,0,0,1,0,0,0,0,0,0,0,0
587,1,0,1,0,1,0,0,1,1,1,0
707,0,0,0,0,0,1,1,0,0,1,0
18739,1,1,0,1,0,1,0,1,1,1,0
11325,1,0,1,1,1,0,0,0,1,1,0
800139,1,1,1,1,1,1,1,1,1,1,1
13953,1,1,1,1,1,1,1,1,1,1,0
850473,1,0,1,1,0,0,0,0,1,1,0
588,1,0,1,1,1,1,0,1,1,1,0
5797,0,0,0,0,0,0,0,0,0,0,0
7005,0,0,0,0,0,1,0,0,0,0,0
8963,0,0,0,0,0,0,0,0,0,0,0
13423,1,1,1,1,1,1,1,1,1,1,1
14423,1,1,1,1,1,1,1,1,1,1,1
4563,0,0,0,0,0,0,0,0,0,0,0
1546,0,0,1,0,0,0,1,0,0,0,0
13140,1,1,1,1,1,0,0,0,0,0,1
22904,0,0,0,0,0,0,0,0,0,0,0
710,0,0,0,0,0,1,0,0,0,0,0
13626,0,0,1,1,0,0,0,0,0,0,0
850200,1,1,1,1,1,1,1,1,1,1,0
452,1,1,1,1,1,1,1,0,1,1,1
30528,1,1,1,1,1,1,1,1,1,1,0
859749,0,0,0,0,0,0,0,0,0,0,0
17346,1,0,1,1,0,0,0,0,1,1,0
11166,1,1,0,0,0,0,1,1,0,0,0
13278,1,0,1,1,1,1,1,1,0,0,1
975955,1,0,0,0,0,0,1,0,1,0,0
1241,1,1,1,1,0,1,0,1,1,1,0
100398,1,0,0,1,1,1,0,1,0,1,0
5537,0,0,0,0,0,1,0,0,0,0,0
100056,0,0,0,0,0,0,0,0,0,0,0
5910,1,0,1,1,1,1,1,1,0,1,0
600008,0,0,0,0,0,0,1,0,0,0,0
850108,1,0,1,1,1,1,1,1,1,1,1
8742,1,1,1,1,1,1,1,1,1,1,1
35370,1,1,0,1,0,1,1,0,1,0,0
32848,1,1,1,1,1,1,1,1,1,1,0
19471,1,0,1,1,0,1,0,1,0,1,1
6128,1,0,1,1,0,0,1,0,1,1,1
18357,1,1,0,1,0,1,0,1,1,1,0
17025,1,0,1,1,1,0,0,1,0,0,0
11699,1,1,0,1,0,1,1,0,1,0,0
14840,1,1,1,1,1,1,1,1,1,1,1
16462,0,1,1,0,1,1,0,0,1,1,1
7921,1,0,0,0,0,0,0,0,0,0,0
18680,1,0,0,1,0,0,1,1,0,1,0
10066,1,1,1,1,1,1,1,1,1,1,1
3780,1,1,1,1,1,1,1,1,1,1,0
19455,1,0,0,1,1,1,0,1,1,1,0
4586,0,0,1,0,0,0,0,0,0,0,0
19340,0,0,0,0,0,0,0,0,0,0,0
12187,1,0,1,1,1,0,0,0,1,1,0
4400,1,0,0,0,0,0,0,0,0,0,1
951,1,0,1,0,0,0,0,0,0,1,0
957955,1,1,1,1,1,1,1,1,1,1,0
9458,1,1,1,1,1,1,1,1,1,1,1
10953,1,0,1,1,1,0,0,0,1,1,0
18848,1,0,1,0,1,1,1,1,1,1,1
13007,1,1,1,1,1,1,1,1,1,1,1
12472,0,0,0,0,0,0,0,0,0,0,0
971012,1,1,1,1,1,1,1,1,1,1,1
3915,0,0,0,1,0,0,0,0,0,0,0
13043,1,1,1,1,0,0,0,1,0,0,1
44887,1,0,1,1,0,0,1,0,1,1,1
18717,1,1,1,1,1,1,1,1,1,0,1
11996,1,1,1,1,0,1,0,1,0,0,1
16663,0,1,0,0,0,0,0,0,0,0,0
19754,0,0,0,0,0,0,0,0,0,0,0
13041,1,1,1,1,0,0,0,1,0,1,1
19839,0,0,0,0,0,0,0,0,0,0,0
42490,1,1,1,1,1,1,1,1,1,1,1
35400,1,0,1,0,1,0,0,1,1,1,0
13008,1,1,1,1,1,1,1,1,1,1,1
4528,1,1,1,0,1,1,1,1,1,1,0
24250,1,0,0,1,1,1,0,1,0,1,0
100389,1,0,0,1,1,1,0,1,0,1,0
100383,1,0,0,1,1,1,0,1,0,1,0
30924,1,0,0,0,0,0,1,0,0,0,0
12565,1,0,1,1,1,0,0,0,1,1,0
17029,1,0,1,1,1,0,0,0,0,0,0
15044,1,0,0,0,0,0,0,0,0,0,0
21758,1,0,0,0,1,0,0,1,1,1,0
9347,1,1,1,1,1,1,1,1,1,1,1
14054,1,0,0,0,0,0,0,0,0,0,0
19024,0,0,1,0,0,0,0,0,0,0,0
21512,1,1,1,1,0,1,0,0,1,1,0
20849,1,1,1,1,1,1,1,1,1,1,0
16422,1,0,1,0,1,0,0,1,1,1,0
859234,1,1,1,1,1,1,1,1,1,1,1
19391,1,0,1,1,1,0,0,0,1,1,0
6158,1,0,1,1,0,0,0,0,1,1,0
11871,0,0,0,0,0,0,0,0,0,0,0
14642,1,1,1,1,1,0,0,0,0,0,1
12859,1,1,1,1,1,1,1,1,1,1,1
100408,1,0,0,1,1,1,0,1,0,1,0
709,0,0,0,0,0,1,0,0,0,0,0
957954,1,0,1,1,1,1,1,1,0,0,1
100421,1,0,1,1,1,1,1,1,0,1,0
958118,1,1,1,1,1,1,1,1,1,1,1
100280,0,0,0,0,0,0,0,0,0,0,0
7725,1,0,1,1,1,1,1,1,0,0,1
32907,1,0,1,1,1,1,1,1,0,0,1
859526,1,1,1,1,1,1,1,1,1,1,0
45045,1,1,1,1,1,1,1,1,1,1,0
20740,1,1,1,1,1,1,1,1,1,1,1
100404,1,0,0,1,1,1,0,1,0,1,0
13290,1,1,1,1,1,1,1,1,1,1,1
9760,0,0,0,0,0,0,0,0,0,0,0
18992,1,1,1,1,1,0,1,1,0,1,1
6841,1,0,0,0,0,0,0,0,1,0,0
9333,1,0,0,0,1,0,0,0,0,0,0
5364,0,0,0,0,0,0,0,0,0,0,0
9284,1,1,1,1,1,1,1,1,1,1,1
5301,1,1,1,1,1,1,1,0,1,1,1
10600,1,1,1,1,1,1,1,1,1,1,1
12887,1,1,0,1,0,1,1,0,1,0,0
800136,1,1,1,1,1,1,1,1,1,1,1
871,1,1,1,1,1,1,1,1,0,1,0
5535,0,0,0,0,0,1,0,0,0,0,0
451,1,1,1,1,1,1,1,1,1,1,1
33542,1,1,1,1,1,1,1,1,1,1,0
9692,1,1,0,1,1,1,1,1,1,1,1
14108,1,0,1,1,1,0,0,0,1,1,0
24673,1,0,0,0,0,0,0,0,0,0,0
100014,1,0,1,1,1,0,1,1,1,1,0
19461,1,0,1,0,0,0,0,0,1,0,0
11257,1,0,0,0,0,0,0,0,0,0,0
19835,1,1,0,1,1,1,1,1,1,1,1
17595,1,0,1,0,0,0,0,0,1,1,0
44884,1,0,1,0,0,0,0,0,0,1,0
7257,1,1,1,1,1,0,0,0,0,0,1
7247,1,0,1,1,0,1,0,1,0,0,0
11872,0,0,0,0,0,0,0,0,0,0,0
12765,1,0,1,1,1,1,1,1,0,0,1
15558,1,0,1,0,1,1,0,1,1,1,1
1598,0,1,1,1,0,1,0,0,0,1,0
54691,1,0,0,0,0,1,1,1,1,0,0
17287,1,0,0,0,1,0,1,0,0,1,1
703,0,0,0,0,0,1,1,0,0,1,0
958161,1,0,1,1,1,1,1,1,0,1,0
43267,1,0,1,0,0,0,1,1,1,0,0
10351,1,0,1,1,1,0,0,0,1,1,0
18922,0,0,0,0,0,0,0,0,0,0,0
17601,1,1,1,1,0,1,1,1,1,1,1
16540,1,1,1,1,1,1,1,1,1,1,1
901,1,0,1,1,0,0,0,0,1,1,0
18768,1,1,1,1,1,1,1,1,1,1,1
14230,1,1,1,1,1,0,0,0,0,0,1
11997,0,0,0,0,0,0,0,0,0,0,0
19725,1,0,1,0,0,0,1,1,1,0,0
19436,1,1,1,1,0,1,1,1,1,1,1
18079,1,0,0,0,1,0,0,1,1,1,0
10019,1,1,1,1,1,1,1,1,1,1,1
13766,1,1,1,1,1,1,1,1,1,1,1
9456,1,0,1,1,1,1,1,1,0,1,1
11735,1,0,0,0,0,0,0,0,0,0,0
33551,1,1,1,1,1,1,1,1,1,1,0
2262,1,0,0,0,0,0,0,1,0,0,0
41755,0,1,1,1,1,0,0,1,0,1,0
14007,0,0,0,0,0,0,0,0,0,0,0
7406,1,1,1,1,1,1,1,1,1,1,1
8000024,1,0,1,1,1,1,1,1,1,1,1
7896,1,0,0,1,1,1,0,1,0,1,0
5197,1,0,0,0,0,0,0,0,1,1,0
704,1,1,0,0,0,1,1,0,0,1,0
18223,1,0,1,1,0,0,1,1,1,1,0
4816,1,0,0,1,0,0,0,0,1,1,0
15703,1,1,1,1,1,1,1,1,1,1,1
975749,1,1,1,1,1,1,1,1,1,1,0
7920,1,0,1,1,1,1,1,1,0,0,1
15559,1,0,0,0,0,0,0,0,1,0,0
5576,0,0,0,0,0,0,0,0,0,0,0
15541,1,0,1,1,1,0,1,1,0,0,0
9411,1,0,1,1,1,0,0,1,1,1,0
32599,1,1,1,1,1,1,1,1,1,1,0
11087,1,1,0,1,0,1,1,0,1,0,0
1555,1,1,0,1,0,1,0,1,1,1,0
100390,1,0,0,1,1,1,0,1,0,1,0
4653,1,1,1,1,0,1,0,1,0,0,1
16358,1,0,1,1,1,0,1,1,1,1,0
19728,1,0,0,0,0,0,0,0,0,0,0
21094,1,1,1,1,1,1,1,1,1,1,0
14453,1,1,1,1,1,1,1,1,1,1,0
12852,1,1,0,1,0,1,1,0,1,0,0
3739,1,1,1,1,1,1,1,1,1,1,1
34127,0,0,0,0,0,0,0,0,0,0,0
5764,1,0,1,0,0,0,0,0,0,1,0
20316,1,1,1,1,1,1,1,1,1,1,1
2211,1,1,1,1,1,1,1,1,1,1,1
6223,1,0,1,1,0,0,0,0,1,1,0
5532,0,0,0,0,0,1,1,0,0,1,0
10023,1,1,1,1,1,1,1,1,1,1,1
18489,1,0,1,1,1,1,1,1,1,1,1
100405,1,0,1,1,1,1,0,1,0,1,0
15687,1,1,1,1,0,1,0,1,0,0,1
33682,1,0,1,1,1,0,1,1,1,1,1
100382,1,0,0,1,1,1,0,1,0,1,0
7004,0,0,0,0,0,0,0,1,0,0,0
100374,1,0,0,1,1,1,0,1,0,1,0
14278,1,1,1,1,1,1,1,1,1,1,0
1060174,1,0,1,1,1,0,1,1,1,1,1
18978,0,0,0,0,1,0,0,0,0,1,1
9688,1,0,0,0,0,0,0,0,0,0,0
8661,1,0,0,0,0,0,0,0,0,0,0
7179,1,0,1,0,1,0,0,1,1,1,0
850097,1,0,1,1,1,0,0,1,1,1,0
19475,1,0,1,0,0,0,0,0,0,1,0
18326,1,1,1,1,0,1,0,1,1,1,0
30701,1,0,1,1,1,1,1,1,1,1,0
13289,1,1,1,1,1,1,1,1,1,1,1
17853,0,0,0,0,0,0,0,1,0,0,0
14697,1,0,0,0,0,1,1,1,1,0,0
44209,0,0,0,0,1,0,1,0,1,0,0
35473,1,1,1,1,1,1,1,1,1,1,1
6455,1,1,0,0,1,1,0,1,0,1,0
17243,1,0,1,1,0,0,1,1,1,1,0
15702,1,1,1,1,1,1,1,1,1,1,1
14367,0,0,0,0,0,0,0,0,0,0,0
9310,1,1,1,1,1,1,1,1,1,1,1
12268,0,0,0,0,0,0,0,0,0,0,0
17767,1,0,0,0,1,0,0,0,1,0,0
958188,1,1,1,1,1,1,1,1,1,1,1
2984,1,1,1,0,0,0,0,0,0,0,0
15819,1,1,1,1,1,1,1,1,1,1,1
100375,1,0,0,1,1,1,0,1,0,1,0
2590,1,0,1,0,0,1,0,0,1,1,0
18642,1,1,1,1,1,1,1,1,1,1,1
9215,1,0,1,1,1,0,0,0,1,1,0
14638,1,0,1,1,1,0,0,0,1,1,0
10243,1,1,1,1,1,1,1,1,1,1,1
35642,1,1,0,1,1,1,0,1,1,1,0
1010173,1,1,1,1,1,1,1,1,1,1,0
24777,1,1,1,1,1,1,1,1,1,1,1
18636,1,1,1,1,1,1,1,1,1,1,0
18359,1,1,0,1,0,1,0,1,1,1,0
24551,1,1,1,1,1,1,1,1,1,1,1
4948,1,1,1,1,0,1,1,1,1,0,1
42982,1,1,1,1,1,1,1,1,1,1,1
2587,0,0,0,0,0,0,0,0,0,0,0
2343,0,0,0,0,0,0,0,1,1,0,0
19738,1,1,1,1,0,0,0,1,0,1,1
600030,1,0,1,1,1,1,0,1,1,1,0
100414,1,0,1,1,1,1,1,1,0,1,0
19457,1,0,1,1,1,1,1,1,1,1,1
15667,1,0,0,1,1,1,0,1,0,1,0
32573,1,1,1,1,1,1,1,1,0,1,0
23662,1,0,1,1,1,1,1,1,0,0,1
19082,0,0,0,0,0,0,0,0,0,0,1
100424,1,0,1,1,1,1,1,1,0,1,0
19390,0,0,0,0,0,0,0,0,0,0,0
20320,1,0,0,1,1,1,0,1,0,1,0
20333,1,0,1,0,0,0,1,0,1,0,0
4819,0,0,0,0,0,0,0,0,0,1,0
9813,1,1,1,1,0,1,1,1,1,0,1
700327,1,0,1,1,1,0,0,1,1,1,0
15166,1,0,0,1,1,1,0,1,0,1,0
11338,0,0,0,0,0,0,0,0,0,0,0
15759,1,0,1,0,0,0,0,0,1,1,0
17858,1,0,0,1,1,1,0,1,0,1,0
100384,1,0,0,1,1,1,0,1,0,1,0
13421,1,1,1,1,1,1,1,1,1,1,1
970994,1,1,1,1,1,1,1,1,1,1,0
6417,1,0,1,1,0,1,1,1,1,1,1
100281,0,0,0,0,0,0,0,0,0,0,0
15977,0,1,0,0,0,0,0,0,0,1,0
2459,0,0,0,0,0,0,0,1,0,0,0
21367,1,0,0,0,0,0,0,0,0,0,0
100291,1,0,1,1,1,1,0,1,1,1,1
958117,1,1,1,1,1,1,1,1,1,1,1
16542,1,1,1,1,1,1,1,1,1,1,1
7546,1,0,0,1,0,0,1,0,0,1,0
20349,1,0,1,1,1,1,0,1,1,1,1
100395,1,0,0,1,1,1,0,1,0,1,0
7727,1,0,1,0,1,0,1,0,1,1,0
14912,1,1,1,1,1,1,1,1,1,1,1
35838,1,0,1,1,0,1,0,1,1,1,1
30519,1,1,1,1,1,1,1,1,1,1,1
17943,0,0,0,0,0,0,0,0,0,0,0
15813,1,1,1,1,1,1,1,1,1,1,1
19464,1,0,0,0,0,0,0,0,0,0,0
15608,1,0,1,1,1,1,1,1,1,1,1
12471,0,0,0,0,0,0,0,0,0,0,0
850469,1,0,1,1,0,0,0,0,1,1,0
5083,0,0,1,1,0,0,0,0,0,0,0
3947,1,0,0,0,0,0,0,0,0,0,0
9974,1,1,1,1,1,1,1,1,1,1,1
35472,1,1,1,1,1,1,1,1,1,1,1
19175,1,1,0,1,1,1,1,1,1,1,1
30362,0,0,0,0,0,0,0,0,0,0,0
17228,1,0,1,0,1,0,0,1,1,1,0
12875,1,1,0,1,0,1,1,0,1,0,0
975832,1,1,1,1,1,1,1,1,1,1,0
21513,1,1,1,1,0,1,0,0,1,1,0
16541,1,0,0,0,1,1,1,1,1,1,0
24626,1,1,0,0,0,0,0,0,0,0,0
54748,1,0,0,1,1,0,0,0,1,1,0
850271,1,0,1,1,1,0,0,0,1,1,0
15532,1,1,1,1,0,0,0,0,0,1,0
13012,1,1,0,1,0,1,1,0,1,0,0
20348,1,0,1,1,1,1,0,1,1,1,1
18784,1,1,1,1,1,1,1,1,1,1,1
8840,1,0,1,1,1,1,1,0,1,1,1
8090,0,0,0,0,0,0,0,0,0,0,0
12806,1,1,1,1,1,1,1,1,1,1,1
9307,1,1,1,1,1,1,1,1,1,1,1
5223,1,0,0,1,1,1,0,1,0,1,0
18735,1,0,0,1,0,0,0,0,1,0,0
14797,1,0,1,1,1,1,1,1,0,0,1
18433,1,0,0,1,1,1,0,1,0,1,0
13721,1,1,1,1,1,1,1,1,1,1,1
20856,1,1,1,1,1,1,1,1,0,1,0
14493,1,0,1,0,1,0,0,1,1,1,0
1093,1,0,0,0,0,0,0,0,0,0,0
100222,0,0,0,0,0,0,0,0,0,0,0
34189,1,1,1,1,1,1,1,1,1,1,1
15695,1,1,1,1,1,1,1,1,1,1,0
19191,0,0,0,0,1,0,0,0,0,1,1
19470,1,0,0,0,0,0,0,0,0,0,0
4385,1,0,1,1,0,1,0,1,0,1,1
10626,1,0,0,0,0,0,0,0,0,0,0
600005,0,0,0,0,0,0,0,0,0,0,0
18830,0,0,0,0,0,0,0,0,0,0,0
15978,1,1,1,1,1,1,1,1,1,1,1
9933,1,1,1,1,1,1,1,1,1,1,1
100419,1,0,1,1,1,1,1,1,0,1,0
9303,0,0,0,0,0,0,0,0,1,1,0
44921,1,1,0,0,0,0,0,0,0,0,0
975896,0,0,0,0,0,0,0,1,0,0,0
17570,1,1,1,1,1,1,1,1,1,1,1
1255,0,0,0,0,0,0,0,1,0,0,1
957229,1,1,1,1,1,1,1,1,1,1,0
18674,0,0,0,0,1,0,0,0,0,1,1
9953,1,1,1,1,1,1,1,1,1,1,1
17893,1,0,0,1,1,1,0,1,0,1,0
19462,1,0,1,0,0,0,0,0,0,1,0
958182,1,1,1,1,1,1,1,1,1,1,1
19560,0,0,0,0,0,0,0,0,0,0,0
100415,1,0,0,1,1,1,0,1,0,1,1
1607,1,1,1,0,1,1,1,1,1,1,0
17909,1,1,1,1,1,1,1,1,1,1,1
9176,0,0,0,0,0,0,0,0,0,0,0
2726,1,0,1,1,0,0,1,1,0,1,0
586,1,0,1,0,1,0,1,1,1,1,1
12690,0,0,0,0,0,0,0,0,0,0,0
10030,0,0,0,0,0,0,0,0,0,0,0
24249,0,0,0,0,0,0,0,0,0,0,0
1010176,1,1,1,1,1,1,1,1,1,1,0
2586,1,0,0,1,1,0,0,1,0,1,0
44208,1,1,1,1,1,1,1,1,1,1,1
971091,1,0,1,1,1,1,0,1,0,1,1
11864,1,0,0,0,0,1,1,1,1,0,0
1313,1,1,1,1,1,1,0,1,1,1,1
17244,1,0,1,1,0,0,1,1,1,1,0
971005,1,1,1,1,1,1,1,1,1,1,1
10730,1,1,1,1,1,1,1,1,1,1,1
14981,1,1,1,1,1,1,1,1,1,1,0
9645,1,1,1,1,0,1,0,1,0,0,1
18672,0,0,0,0,1,0,0,0,0,1,1
44204,0,0,0,0,0,0,0,0,0,0,0
14276,1,1,1,1,1,1,1,1,1,1,1
2588,0,0,0,0,0,0,0,0,0,0,0
6452,1,1,0,0,1,1,0,1,0,1,0
6660,0,0,0,0,0,0,0,0,0,0,0
3738,1,1,1,1,1,1,1,1,1,1,1
13445,1,1,1,1,1,1,1,1,1,1,1
6861,0,0,1,0,0,0,0,0,0,0,0
2333,0,0,0,0,0,0,0,0,0,0,0
800140,1,1,1,1,1,1,1,1,1,1,1
13714,1,1,1,1,1,1,1,1,1,1,1
19313,1,0,1,1,1,1,1,1,0,0,1
6225,1,0,1,0,0,0,0,0,0,1,0
100416,1,0,1,1,1,1,1,1,1,1,0
1902,1,1,1,1,1,1,1,1,1,1,1
100413,1,0,1,1,1,1,1,1,0,1,0
9005,1,1,1,1,1,1,1,1,1,1,1
100391,1,0,0,1,1,1,0,1,0,1,0
850468,1,0,1,1,0,0,0,0,1,1,0
5833,1,0,1,0,0,0,1,0,1,1,1
12908,1,1,1,1,1,1,1,1,1,1,1
12740,1,0,1,1,1,1,1,1,1,1,1
35112,1,0,0,1,1,1,0,1,0,1,0
1982,0,0,0,0,0,0,0,0,0,0,0
100399,1,0,0,1,1,1,0,1,0,1,0
1112,0,0,0,0,0,0,0,0,0,0,0
26767,1,1,1,1,1,1,1,1,1,1,1
17286,0,0,0,0,0,0,0,0,0,0,0
24285,1,0,0,0,0,0,0,0,0,0,0
14081,1,1,1,1,1,1,1,1,1,1,1
4680,1,1,1,1,1,1,1,1,1,1,1
9478,1,1,1,1,1,1,1,1,1,1,1
11269,0,0,1,1,0,0,0,0,0,0,0
5130,0,0,0,0,0,0,0,0,0,0,0
6420,1,1,1,1,0,1,1,1,0,1,1
4051,1,0,0,0,0,1,0,0,0,0,0
11132,1,1,1,1,1,1,1,1,1,1,1
12941,1,1,0,1,0,1,1,0,1,0,0
2637,1,0,0,0,0,0,0,0,0,0,0
27091,0,0,0,0,0,0,0,0,0,0,0
11524,1,0,1,0,1,0,0,1,1,1,0
700311,0,0,0,0,0,0,0,0,1,0,0
15134,1,0,0,0,0,0,0,0,1,0,0
7814,1,1,1,1,1,1,1,1,1,1,1
16975,0,0,0,0,0,0,0,0,0,0,0
15700,1,1,1,1,1,1,1,1,1,1,1
35694,1,1,1,1,1,1,1,1,1,1,0
583,1,1,1,1,1,1,1,1,1,1,1
8383,0,1,1,0,0,0,1,0,0,0,0
11664,1,1,1,1,1,1,1,1,1,1,1
10385,1,1,1,1,1,1,1,1,1,1,1
6383,1,1,1,1,1,1,1,1,1,1,1
18866,0,0,0,0,0,0,0,0,0,0,0
15708,1,1,1,1,1,1,1,1,1,1,1
5543,1,0,1,0,1,0,0,1,1,1,0
44338,1,1,1,1,1,1,1,1,1,1,1
12353,1,1,1,1,1,0,0,0,0,0,1
100418,1,0,1,1,1,1,1,1,0,1,0
2438,1,0,0,0,1,0,0,1,1,1,0
14143,0,0,0,0,0,0,0,0,0,0,0
18679,1,1,0,1,1,1,1,1,1,1,1
100387,1,0,0,1,1,1,0,1,0,1,0
18671,1,0,1,0,1,1,0,1,0,1,1
6416,1,0,1,1,0,1,1,1,0,1,1
13040,1,1,1,1,0,0,0,1,0,0,1
33683,1,1,1,1,1,1,1,1,1,1,1
8558,1,0,1,0,1,0,0,1,1,1,0
21952,0,0,0,0,0,0,0,1,0,0,0
43768,1,0,0,0,0,0,0,0,0,0,0
24617,0,0,0,0,0,0,0,0,0,0,0
6526,0,0,0,0,0,0,1,1,0,0,0
15540,1,0,0,0,0,0,0,0,0,0,0
33483,1,1,1,1,1,0,0,0,0,0,1
13059,0,0,0,0,0,0,0,0,0,0,0
32723,1,1,1,1,1,1,1,1,1,1,0
11914,1,0,0,0,1,0,0,0,0,0,0
43364,1,1,1,1,1,1,1,1,1,1,1
8564,0,0,0,0,0,0,0,0,0,0,0
14491,1,1,1,1,1,1,1,1,1,1,0
21177,1,0,1,0,1,0,0,1,1,1,0
19315,1,0,1,1,0,0,1,1,1,1,0
100051,1,0,1,1,0,1,0,1,1,1,1
24339,1,1,1,0,1,1,1,1,1,1,0
8418,1,1,1,1,1,1,1,1,1,1,1
17855,1,1,1,1,1,1,1,1,1,1,1
10580,1,0,1,1,1,0,0,1,1,1,0
9754,1,0,1,1,1,0,1,1,1,1,1
6038,0,0,0,0,0,1,1,0,0,1,0
6459,0,0,0,0,0,0,0,0,0,0,0
30970,1,1,1,1,1,1,1,1,1,1,0
706,0,0,0,0,0,1,1,0,0,1,0
32796,1,1,1,1,1,1,1,1,1,1,1
100417,1,0,1,1,1,1,1,1,0,1,0
5202,1,1,0,0,0,0,0,1,0,0,0
15045,1,0,0,0,0,0,0,0,0,0,0
25556,1,1,0,1,0,0,1,0,1,0,0
4584,0,0,0,0,0,0,0,0,0,0,0
21443,1,1,1,1,1,1,1,1,1,1,0
19323,0,0,0,0,0,0,0,0,0,0,0
18004,1,1,1,1,1,1,1,1,1,1,1
18310,1,0,0,0,0,0,0,0,0,0,0
24632,1,1,0,0,0,0,0,0,0,0,0
9490,0,0,0,0,0,0,0,0,0,0,0
14083,1,1,1,1,1,1,1,1,1,1,1
16544,0,0,0,0,1,0,0,0,0,1,1
850419,1,0,1,1,0,0,0,0,1,1,0
17594,1,0,1,0,0,0,0,0,1,1,0
12987,1,1,1,1,1,1,1,1,1,1,1
15544,1,0,1,1,1,0,0,1,1,1,1
16500,1,0,1,1,1,1,0,1,1,1,1
14691,0,0,0,0,0,0,0,0,0,0,0
15347,0,0,0,0,0,0,0,0,0,0,0
9464,1,1,1,1,1,1,1,1,1,1,0
4685,0,0,0,1,1,0,0,1,0,1,0
2013,1,0,0,0,0,0,0,0,0,0,0
16244,0,1,0,0,0,0,0,0,0,0,0
4815,0,0,1,0,0,0,0,0,0,1,0
8855,1,1,1,1,1,1,1,1,1,1,1
30316,1,0,1,1,1,1,1,1,0,0,1
20332,1,0,1,1,1,0,1,0,1,1,0
9761,0,0,1,1,1,1,0,1,1,0,1
6704,1,0,1,1,1,0,0,1,1,1,0
100185,1,1,1,1,1,1,1,1,1,1,0
35639,1,1,0,1,1,1,0,1,1,1,0
12845,1,1,0,1,0,1,1,0,1,0,0
19561,1,0,0,0,0,0,0,0,0,0,0
13565,1,0,1,1,1,0,0,0,1,1,0
54700,1,0,0,0,0,0,1,0,0,0,0
20743,1,1,0,1,1,1,0,1,1,1,0
975872,1,0,1,1,1,1,0,1,0,1,0
4996,1,0,1,1,1,1,0,1,0,1,0
5623,1,1,1,1,1,0,1,1,1,1,0
9230,1,0,0,1,0,0,0,0,1,0,0
9536,1,1,1,1,1,1,1,1,1,1,1
13743,1,1,1,1,1,1,1,1,1,1,1
4690,0,0,0,1,1,0,0,1,0,1,0
31013,1,0,1,1,1,0,0,1,1,1,1
14722,0,0,0,0,0,0,0,0,0,0,0
54862,1,1,1,1,1,1,1,1,0,1,0
603,1,0,1,0,1,1,1,1,1,1,1
10587,1,1,1,1,1,1,1,1,1,1,1
18974,0,0,0,0,0,0,0,0,0,0,0
18923,0,0,1,1,0,0,1,0,0,0,1
5511,1,1,1,1,1,1,1,1,1,1,1
17278,1,0,1,0,1,0,0,1,1,1,0
16499,1,0,1,1,1,0,1,1,1,1,0
4784,0,0,0,0,0,0,0,1,0,0,0
15175,1,0,1,0,1,0,0,1,1,1,0
6673,1,0,0,0,1,1,0,0,0,1,0
6117,1,0,1,1,0,0,0,0,1,1,0
5029,0,0,0,0,0,0,0,0,0,0,0
2138,1,1,1,0,0,0,0,1,0,0,1
19084,1,0,0,0,0,0,0,0,0,0,0
24630,1,1,0,0,0,0,0,0,0,0,0
975868,1,0,1,1,1,1,0,1,0,1,0
800104,1,1,1,1,1,1,1,1,1,1,0
12559,1,1,1,1,1,1,1,1,1,1,1
7776,1,1,1,1,1,1,1,1,1,1,1
979570,1,1,1,1,1,1,1,1,1,1,1
5101,0,0,0,0,0,1,1,0,0,1,0
9006,1,1,1,1,1,1,1,1,1,1,1
979235,1,1,1,0,1,1,1,1,1,1,0
11701,1,1,0,1,0,1,1,0,1,0,0
10938,1,1,1,1,1,1,1,1,1,1,1
5292,0,0,0,0,0,1,1,0,0,1,0
30726,1,1,1,1,1,1,1,1,1,1,1
968974,1,0,1,0,0,0,0,0,1,1,0
1010122,1,0,0,0,0,0,0,0,0,0,0
850451,1,1,0,1,1,1,0,1,1,1,0
13467,1,1,1,1,1,1,1,1,1,1,1
13507,1,1,1,1,1,1,1,1,1,1,1
14865,1,1,1,1,1,1,1,1,1,1,1
9735,0,0,0,0,0,0,0,0,0,0,0
19460,1,0,0,1,1,1,0,1,0,1,0
14334,1,1,1,1,1,1,1,1,1,1,1
14760,1,1,1,1,1,1,1,1,1,1,0
12426,1,1,1,1,1,1,1,1,1,1,0
5796,1,0,0,0,0,0,0,0,0,0,0
850199,1,1,1,1,1,1,1,1,1,1,1
20323,1,1,1,1,1,1,1,1,1,1,1
15697,1,1,1,1,1,1,1,1,1,1,1
18967,1,1,1,1,1,1,1,1,1,1,1
32899,1,1,1,1,1,1,1,1,1,1,1
44972,1,0,0,0,0,0,0,0,0,0,0
850105,1,0,1,1,1,0,1,1,1,1,0
450,1,1,1,1,1,1,1,0,1,1,1
2437,0,0,0,0,0,0,0,0,0,0,0
30981,1,1,1,1,1,1,1,1,1,1,0
3393,1,0,0,0,0,0,0,0,0,1,0
6470,0,1,0,0,1,1,0,0,0,1,0
5185,1,1,1,1,0,1,1,1,0,0,1
2966,1,1,0,0,0,0,0,0,0,0,0
17100,0,0,0,0,0,0,0,0,0,0,0
18487,1,1,1,1,1,1,1,1,1,1,1
9960,1,1,0,1,0,1,1,0,1,0,0
320,0,0,0,0,0,0,0,0,0,0,0
18435,1,0,0,1,1,1,0,1,0,1,0
12491,0,0,0,0,0,0,0,0,0,0,0
16429,1,1,1,1,1,1,1,1,1,1,1
5204,1,1,0,1,1,1,1,1,1,1,1
4104,1,1,0,0,0,0,0,0,0,0,0
13500,1,1,1,1,1,1,1,1,1,1,0
14693,0,0,0,0,0,0,0,0,0,0,0
10421,0,1,0,0,0,0,0,0,0,1,0
8829,0,0,0,0,0,0,0,0,0,0,0
5271,0,0,0,0,0,0,0,1,0,0,0
8841,1,1,1,1,1,1,1,1,1,1,1
13288,1,1,1,1,1,1,1,1,1,1,1
13044,1,1,1,1,0,0,0,1,0,0,1
44986,1,0,1,0,0,0,1,1,1,1,1
100425,1,0,1,1,1,1,1,1,0,1,0
9947,1,1,1,1,1,1,1,1,1,1,1
24685,1,0,0,0,0,0,0,0,0,0,0
20311,1,1,1,1,0,1,0,1,0,0,1
9726,1,0,0,0,0,0,1,0,0,0,0
12429,0,0,0,0,0,0,0,0,0,0,0
7349,1,1,1,1,1,1,1,1,1,1,1
30448,1,1,1,1,1,1,1,1,1,1,0
10296,1,1,1,1,1,1,1,1,1,1,0
18737,0,0,0,0,0,0,0,0,0,0,0
14280,1,1,1,1,1,1,1,1,1,1,0
2571,1,1,1,1,1,1,1,1,1,1,1
4803,0,0,0,0,0,0,0,0,0,0,0
19465,1,0,1,0,0,0,0,0,1,1,0
3864,1,1,1,1,0,1,1,1,0,1,1
14353,1,1,1,1,1,1,1,1,1,1,0
32786,0,0,0,0,0,0,0,0,0,0,0
18906,1,0,1,0,0,0,0,0,0,1,0
432,1,0,1,0,0,0,0,0,0,1,0
13324,1,0,1,0,1,1,0,1,0,1,1
12508,1,1,1,0,0,0,0,0,0,0,0
705,0,0,0,0,0,1,1,0,0,1,0
13283,1,0,0,0,0,1,1,1,1,0,0
100388,1,0,0,1,1,1,0,1,0,1,0
13419,1,1,1,1,1,1,1,1,1,1,1
7443,1,1,1,1,1,1,1,1,1,1,1
18689,1,0,0,0,0,0,0,0,0,1,0
11521,1,1,0,1,0,1,1,0,1,0,0
8669,0,0,0,0,0,0,0,1,0,0,0
32803,1,1,1,1,1,1,1,1,1,1,0
971015,1,1,1,1,1,1,1,1,1,1,1
14160,1,1,1,1,1,1,1,1,1,1,1
1010175,1,1,1,1,1,1,1,1,1,1,0
31520,1,1,1,1,1,1,1,1,1,1,1
6119,1,1,1,0,0,0,0,1,0,1,0
24781,1,1,1,1,1,1,1,1,1,1,0
975909,1,0,1,0,0,0,0,0,0,1,0
44207,1,1,1,1,1,1,1,1,1,1,1
19456,1,1,1,1,1,1,1,1,1,1,1
6268,1,0,1,1,1,1,0,1,1,1,0
100409,1,0,0,1,1,1,0,1,0,1,0
30692,1,1,1,1,1,1,1,1,1,1,0
30813,1,1,1,1,1,1,1,1,1,1,0
19535,1,0,1,1,1,0,0,1,1,1,0
5175,0,0,0,0,0,0,0,0,0,0,0
12886,1,1,0,1,0,1,1,0,1,0,0
54801,1,1,1,1,1,0,0,0,0,0,1
11528,1,0,0,0,0,0,0,0,0,0,0
43294,0,1,0,0,0,0,0,0,0,0,1
850472,1,0,1,1,0,0,0,0,1,1,0
19322,0,0,0,0,0,0,0,0,0,0,0
13503,1,1,1,1,1,0,0,0,0,0,1
15279,1,1,1,1,0,1,0,1,0,0,1
5314,1,1,1,1,1,1,1,0,1,1,1
957388,1,1,1,0,1,1,1,1,1,1,0
9523,0,0,0,0,0,0,0,0,0,0,0
12610,1,1,0,1,0,1,1,0,1,0,0
14391,1,1,1,1,1,1,1,1,1,1,1
30858,1,1,1,1,1,1,1,1,1,1,0
1060165,1,0,0,0,0,0,0,0,1,0,0
5284,1,1,1,1,1,1,1,1,1,1,1
19337,1,0,1,0,1,0,0,1,1,1,0
19093,1,1,1,1,1,1,1,1,1,1,1
9849,1,0,1,0,1,0,0,0,1,0,0
12383,1,1,1,1,1,1,1,1,1,1,1
13135,1,1,1,1,1,1,1,1,1,1,1
16308,1,1,1,1,1,1,1,1,1,1,1
8808,1,0,1,1,1,1,0,1,0,0,0
958187,1,1,1,1,1,1,1,1,1,1,1
5224,1,1,1,1,1,1,1,1,1,1,1
100394,1,0,0,1,1,1,0,1,0,1,0
850058,1,1,1,1,1,1,1,1,1,1,1
19329,1,0,1,1,1,1,1,1,0,0,1
859748,0,0,0,0,0,0,0,0,0,0,0
19730,1,0,0,0,0,0,0,0,0,0,0
6451,1,1,0,0,1,1,0,1,0,1,0
16598,1,1,1,1,1,1,1,1,1,1,1
19314,1,0,0,1,0,0,1,1,0,1,0
957535,1,1,1,1,1,1,1,1,1,1,0
1060185,1,0,1,0,0,0,1,0,1,0,0
14267,1,1,1,1,1,1,1,1,1,1,1
30483,1,1,1,1,1,1,1,1,1,1,0
3047,1,1,1,0,1,1,0,1,0,1,0
15556,1,1,1,1,1,1,1,1,0,1,0
5324,0,0,0,0,0,0,0,1,0,0,0
11476,1,1,1,1,1,1,1,1,1,1,1
30529,1,1,1,1,1,1,1,1,1,1,1
8000010,0,0,0,0,0,0,0,0,0,0,0
16974,0,0,0,0,0,0,0,0,0,0,0
19729,1,0,0,0,0,0,0,0,0,0,0
15699,1,1,1,1,1,1,1,1,1,1,1
4817,0,0,0,0,0,0,0,0,0,1,0
8040,1,0,1,0,0,1,0,0,0,1,0
9695,1,1,1,1,1,1,1,1,1,1,1
17363,1,1,1,1,0,1,0,1,1,1,1
700333,1,1,1,1,1,1,1,1,1,1,1
16264,1,0,1,0,1,0,0,1,1,1,0
8036,1,0,1,0,1,0,0,1,1,1,0
30270,1,0,1,1,1,1,1,1,0,0,1
958116,1,1,1,1,1,1,1,1,1,1,1
30066,1,1,1,1,1,1,1,1,1,1,1
18597,0,0,1,0,1,0,1,0,1,1,0
20703,1,0,0,0,0,0,0,0,1,1,0
13021,1,0,1,1,0,0,0,0,1,0,0
18361,1,1,0,1,0,1,0,1,1,1,0
7064,1,1,1,1,1,1,1,1,1,1,1
11337,1,1,1,1,1,1,1,1,1,1,1
21138,1,0,1,1,1,1,0,1,0,1,0
850492,1,0,0,1,1,1,0,1,0,1,0
30361,0,0,0,0,0,0,0,0,0,0,0
800144,1,1,1,1,1,1,1,1,1,1,1
19468,1,0,1,0,0,0,0,0,0,1,0
1475,1,0,0,0,0,0,0,0,1,0,0
18872,1,0,0,1,1,1,0,1,0,1,0
18818,1,1,1,1,1,0,1,0,1,0,1
9306,1,1,1,1,1,1,1,1,1,1,0
33557,1,1,1,1,1,0,0,0,0,0,1
5538,0,0,0,0,0,0,0,0,0,0,0
22919,1,1,1,1,1,1,1,1,1,1,1
958013,1,0,0,0,0,1,1,1,1,0,0
3225,1,0,1,0,0,1,0,1,0,1,0
11988,1,1,1,1,1,1,1,1,1,1,0
15974,1,1,1,1,1,1,1,1,1,1,1
21726,1,0,1,1,1,1,0,1,1,0,1
859747,0,0,0,0,0,0,0,0,0,0,0
5571,0,0,0,0,0,0,0,0,0,0,0
11908,1,0,1,0,0,0,0,1,0,1,0
4110,1,0,0,1,0,0,0,0,1,0,0
15564,0,0,0,0,0,0,0,0,0,0,0
43377,0,0,1,0,0,0,0,1,0,1,0
8000006,1,1,1,1,1,1,1,1,1,1,1
31014,1,0,1,0,1,0,0,1,1,1,0
15538,1,0,0,0,1,1,0,1,0,1,0
850452,1,1,0,1,1,1,0,1,1,1,0
16474,1,0,0,0,0,0,0,0,1,0,0
20108,1,0,1,1,1,0,0,1,1,1,0
12412,1,1,1,1,1,1,1,1,1,1,1
5019,0,0,1,1,0,0,0,0,0,0,0
11405,1,0,1,1,0,0,0,1,1,0,0
11880,1,1,1,1,1,0,0,0,0,0,1
14454,1,0,0,0,0,0,0,0,0,0,0
12547,0,0,0,0,0,0,0,0,0,0,0
7950,0,0,0,0,0,0,0,0,1,0,0
1614,1,1,1,0,1,1,1,1,1,1,0
13499,1,0,1,1,1,0,0,0,1,1,0
7650,1,0,1,0,0,0,0,0,0,1,0
12840,1,1,0,1,0,1,1,0,1,0,0
32839,0,0,0,0,0,0,0,0,0,0,0
4947,1,0,1,1,1,1,0,1,1,1,0
15046,1,0,0,0,0,0,0,0,0,0,0
4147,1,0,0,0,0,0,0,0,0,0,1
14481,1,1,0,1,1,1,1,1,1,1,0
7670,1,0,0,0,1,0,0,0,0,0,0
15614,1,1,1,0,0,0,0,0,0,0,0
100403,1,0,0,1,1,1,0,1,0,1,0
1060176,1,0,1,1,1,0,1,1,1,1,1
15164,1,0,1,1,1,1,1,1,1,1,1
43789,0,0,1,0,1,0,0,0,1,0,0
21250,1,0,0,0,0,0,0,0,1,1,0
54849,1,1,0,1,0,1,1,0,1,0,0
100054,1,0,1,1,0,1,0,1,1,1,1
16496,0,0,1,0,0,0,0,0,0,0,0
12295,1,1,1,1,1,1,1,1,1,1,1
16976,1,1,0,0,1,1,0,1,0,1,0
10625,1,1,1,1,1,1,1,1,1,1,1
35475,1,0,1,0,0,0,0,0,1,0,0
4475,1,1,1,0,1,1,0,0,0,1,0
11118,1,0,0,1,1,1,0,1,0,1,0
7293,1,1,1,1,1,1,1,1,1,1,1
11971,1,0,0,0,0,0,0,0,0,0,0
3627,1,0,1,0,1,1,1,1,0,0,0
30428,1,1,1,1,1,1,1,1,1,1,0
12040,1,1,0,1,0,1,1,0,1,0,0
975911,1,1,1,1,1,1,1,1,1,1,1
774,1,0,1,1,1,1,0,1,1,1,1
18748,0,1,0,0,0,0,0,0,0,0,1
850102,1,0,1,1,1,0,1,1,1,1,0
19533,0,1,0,1,0,0,0,0,0,0,0
4095,1,0,1,0,0,0,0,0,1,1,0
35499,1,1,1,1,1,1,1,1,1,1,1
5525,1,0,1,0,0,0,0,0,0,1,0
11471,1,1,0,1,0,1,1,0,1,0,0
3066,0,0,0,0,0,0,0,0,0,0,0
18675,0,0,1,1,1,0,0,0,0,1,1
18325,1,0,1,0,0,0,0,1,0,1,0
6237,0,0,1,0,0,0,0,0,0,0,0
30015,1,1,1,1,1,1,1,1,0,1,0
6458,0,0,0,0,0,0,0,0,0,0,0
800142,1,1,1,1,0,1,0,1,0,0,1
10386,1,1,1,1,1,1,1,1,1,1,0
6464,1,1,1,1,1,0,1,1,0,1,0
700330,1,0,1,1,1,1,0,1,1,1,0
8218,0,0,0,0,0,0,0,0,0,0,0
18542,1,1,1,1,1,1,1,1,1,1,1
35444,1,0,0,1,1,1,0,1,0,1,0
859083,1,0,1,0,0,0,1,0,1,0,0
19740,1,0,0,0,1,0,0,1,1,1,0
23650,1,0,1,0,0,0,0,1,1,0,0
9413,1,0,0,0,0,1,1,1,1,0,0
3209,1,0,0,0,0,0,0,0,0,1,0
19469,1,0,1,0,0,0,0,0,0,1,0
10149,1,1,1,1,1,1,1,1,1,1,1
18982,0,0,0,0,0,0,0,0,0,0,0
800138,1,0,1,1,1,1,1,1,1,1,0
8104,0,0,0,0,0,0,0,0,0,0,0
850269,1,1,1,1,1,1,0,1,0,1,0
17787,0,0,0,0,0,0,0,0,0,0,0
971001,1,1,1,1,1,1,1,1,1,1,0
9620,0,0,0,0,0,0,0,0,0,0,0
1060166,1,0,1,1,1,0,0,1,1,1,0
5176,0,1,1,1,0,1,0,0,0,0,0
18437,1,0,0,1,1,1,0,1,0,1,1
1553,0,0,1,0,0,0,1,0,0,0,1
12579,1,0,1,0,1,1,1,1,1,1,0
100380,1,0,0,1,1,1,0,1,0,1,0
11804,1,0,1,0,1,0,0,1,1,1,0
3069,0,0,0,0,0,0,0,0,0,0,0
5533,0,0,1,1,1,1,1,0,1,1,0
6450,1,0,0,0,0,0,0,0,1,1,0
15696,1,1,1,1,1,1,1,1,1,1,1
100400,1,0,0,1,1,1,0,1,0,1,0
18360,1,1,0,1,0,1,0,1,1,1,0
3655,1,0,1,1,0,0,0,1,0,1,1
44014,1,0,0,0,0,0,0,0,0,1,0
17600,1,0,1,0,0,0,0,0,0,0,0
19463,0,0,0,1,0,0,1,0,0,0,0
30484,1,1,1,1,1,1,1,1,1,1,0
975864,1,0,0,0,0,0,0,0,0,0,0
17833,1,1,0,1,1,1,1,1,1,1,1
3534,1,0,0,0,1,0,1,1,0,1,0
13693,1,1,0,1,1,1,1,1,1,1,0
11873,1,1,0,0,1,1,1,1,0,1,0
16463,1,1,0,0,0,0,0,0,1,1,1
19020,0,0,0,0,0,0,0,0,0,0,0
30700,1,0,1,0,1,0,0,1,1,1,0
100401,1,0,0,1,1,1,0,1,0,1,0
13863,1,1,1,1,1,1,1,1,1,1,1
30333,1,1,1,1,1,1,1,1,1,1,0
976228,1,1,1,1,1,1,1,1,1,1,0
12163,1,1,1,1,1,1,1,1,1,1,0
13081,1,0,0,0,0,0,0,0,0,0,0
44325,1,0,0,1,1,0,0,0,1,1,0
18224,1,0,1,0,0,0,0,0,0,1,0
800305,0,0,0,0,0,0,0,0,1,0,0
859379,1,0,1,1,1,1,1,1,0,0,1
13487,1,1,1,1,1,1,1,1,1,1,1
44113,1,0,1,0,0,0,1,0,1,0,0
8214,1,1,1,1,0,0,0,1,0,0,1
5147,0,0,1,0,1,0,1,0,0,1,0
18676,1,0,1,0,1,1,1,1,1,0,1
21337,0,1,0,0,1,1,0,0,0,1,0
19324,0,0,0,0,0,0,0,0,0,0,0
30931,1,0,0,0,0,0,1,0,0,0,0
14487,1,1,1,1,1,1,1,1,1,1,1
33954,0,0,0,1,0,0,0,0,0,0,0
800141,1,1,1,1,1,1,1,1,1,1,1
13379,0,0,0,0,0,0,0,0,0,0,0
11768,1,0,1,0,1,1,0,1,0,1,0
25513,1,0,1,0,1,0,1,1,1,1,0
17596,1,0,1,1,0,0,1,0,1,1,1
13779,0,0,0,0,0,0,0,0,0,0,0
100169,1,1,1,1,0,1,1,1,1,0,1
19752,0,0,0,0,0,0,0,1,0,0,0
54697,1,1,1,1,1,1,1,1,1,1,0
14197,1,1,1,1,1,1,1,1,1,1,1
975895,0,0,0,0,0,0,0,1,0,0,0
15557,1,0,1,0,0,0,1,0,1,0,0
590,1,0,1,1,1,1,1,1,1,1,1
700308,1,1,1,1,1,1,1,1,1,1,0
850416,1,1,1,1,1,0,0,1,1,1,1
10504,1,1,1,1,1,1,1,1,1,1,0
43985,1,0,1,1,0,0,1,0,1,1,1
18935,1,0,0,0,0,0,0,0,0,0,0
975891,1,1,1,1,1,1,1,1,1,1,1
1010177,1,1,1,1,1,1,1,1,1,1,0
15597,0,0,1,0,0,0,0,0,0,0,0
100406,1,0,0,1,1,1,0,1,0,1,0
9757,1,1,0,0,1,1,1,1,0,1,0
20317,1,1,1,1,1,1,1,1,1,1,1
13739,0,0,0,0,0,0,0,0,0,0,0
22901,0,0,0,0,0,1,0,0,0,0,0
100162,1,1,1,1,1,1,1,1,1,1,1
19558,0,0,0,0,0,0,0,0,0,0,0
13818,0,0,0,0,0,0,0,0,0,0,0
15174,1,0,1,0,1,0,0,1,1,1,0
10122,1,1,1,1,1,1,1,1,1,1,1
17407,1,1,1,1,1,1,1,1,1,1,1
1115,1,1,1,1,1,1,1,1,1,1,1
4380,1,0,1,0,0,0,0,0,0,0,0
979233,1,1,1,1,1,1,1,1,1,1,1
11158,1,0,1,0,1,0,0,1,1,1,0
31030,1,1,1,1,1,1,1,1,1,1,0
100491,1,1,1,1,0,0,0,0,0,1,0
44889,1,0,1,0,0,0,0,0,1,1,0
6829,0,0,0,0,0,0,0,0,0,0,0
100378,1,0,0,1,1,1,0,1,0,1,0
16030,0,0,0,0,0,0,0,0,0,0,0
13286,1,0,0,0,0,1,1,1,1,0,0
20520,1,0,1,1,1,1,1,1,0,1,1
44923,1,0,0,1,1,1,0,1,0,1,0
5807,1,0,1,1,0,1,0,1,1,1,1
18225,1,0,1,0,0,0,0,0,1,1,0
32654,1,1,1,1,1,1,1,1,1,1,1
9338,1,0,1,0,1,1,1,1,0,1,0
612,1,0,1,1,1,0,1,1,1,1,1
956988,1,0,1,1,0,0,0,0,1,1,0
5282,1,0,0,1,0,0,1,1,0,1,0
29134,1,1,1,1,1,1,1,1,1,1,1
6311,1,0,0,0,0,0,0,0,1,1,0
213,1,1,1,1,1,1,1,1,1,1,0
17835,1,1,0,0,0,0,1,0,0,0,0
19559,1,0,1,1,1,0,0,0,0,0,0
8896,0,0,0,0,0,0,0,0,0,0,0
7601,1,1,1,1,1,1,1,1,1,1,1
2163,1,0,0,1,1,0,1,0,0,0,0
9288,0,0,1,0,0,1,1,0,0,0,0
18813,1,0,1,1,1,0,0,1,1,1,1
23119,1,1,1,1,1,1,1,1,1,1,1
19297,1,0,0,0,1,0,1,0,0,1,0
12838,1,1,0,1,0,1,1,0,1,0,0
14715,1,1,1,1,1,1,1,1,1,1,1
5306,0,0,1,0,0,0,0,0,0,0,0
14498,1,1,1,1,1,1,1,1,1,1,1
4959,1,0,0,0,0,0,0,0,1,1,0
44885,0,0,0,1,1,0,1,0,0,0,0
850450,1,1,0,1,1,1,0,1,1,1,0
12105,0,0,0,0,0,0,0,0,0,0,0
14597,1,1,1,1,1,1,1,1,1,1,0
18324,1,0,1,0,0,0,0,0,0,1,1
11225,1,1,1,1,1,1,1,1,1,1,1
15565,0,1,0,0,0,1,0,0,0,0,0
19023,1,0,0,1,0,0,1,1,1,1,0
22519,1,0,1,0,1,0,0,1,1,1,0
10954,1,1,1,1,1,1,1,1,1,1,1
9892,0,0,0,0,0,0,0,0,0,0,0
1010125,1,1,1,1,0,0,0,0,0,1,0
7818,1,1,1,1,1,1,1,1,1,1,1
34054,1,1,1,1,1,1,1,1,1,1,1
18814,1,1,1,1,1,1,1,1,1,1,0
777,1,0,1,0,0,1,0,0,0,0,0
4980,1,1,0,0,0,0,0,0,0,0,0
800146,1,1,1,1,1,1,1,1,1,1,1
10713,1,1,1,1,1,1,1,1,1,1,1
15943,0,0,0,0,0,0,0,0,0,0,0
14727,1,1,1,1,1,1,1,1,1,1,0
100385,1,0,0,1,1,1,0,1,0,1,0
16498,1,0,1,1,1,1,0,1,1,1,1
100386,1,0,0,1,1,1,0,1,0,1,0
11700,1,1,0,1,0,1,1,0,1,0,0
975834,1,1,1,1,1,1,1,1,1,1,0
6226,1,1,1,0,0,0,0,1,0,1,0
20640,1,0,1,1,1,0,0,1,1,1,0
8644,0,0,0,0,0,0,0,0,0,0,0
702,0,0,0,0,0,1,1,0,0,1,0
17411,1,1,0,1,0,1,1,1,1,1,0
9337,1,0,0,0,0,0,0,0,0,0,0
54802,1,1,1,1,1,0,0,0,0,0,1
4092,1,1,0,0,1,1,0,1,0,1,0
15408,1,0,1,1,1,1,1,1,0,0,1
6412,1,0,0,0,0,0,0,0,0,0,0
22205,0,0,1,1,0,0,0,0,0,0,0
7919,1,0,1,1,1,1,1,1,0,0,1
6594,0,0,0,0,0,0,0,0,0,0,0
958177,1,1,1,1,0,1,1,1,1,0,1
43168,1,1,1,1,1,1,1,1,1,1,1
9572,1,1,1,1,1,1,1,1,1,1,1
19466,0,0,0,0,0,0,0,0,0,0,0
9534,1,1,1,1,0,1,0,1,0,0,1
11895,1,0,1,1,0,1,0,1,1,1,1
19025,0,0,0,0,0,0,0,0,0,0,0
30457,1,1,1,1,1,1,1,1,1,1,0
18842,1,1,1,1,1,1,1,1,1,1,1
100393,1,0,0,1,1,1,0,1,0,1,0
15453,0,0,0,0,0,0,0,0,0,0,1
12841,1,1,0,1,0,1,1,0,1,0,0
30013,1,1,1,1,1,1,1,1,1,1,0
37251,0,0,0,0,0,0,1,0,0,0,0
957595,0,0,0,0,0,0,0,0,0,0,0
21008,1,0,0,0,0,1,1,0,0,1,0
850495,1,0,0,1,1,1,0,1,0,1,0
850151,1,1,1,0,1,1,1,1,1,1,0
13862,1,0,0,0,0,1,1,1,1,0,0
9595,1,0,1,1,1,1,1,1,0,1,1
16450,1,0,1,1,1,0,0,1,1,1,0
18465,1,0,1,0,1,0,0,1,1,1,0
9540,1,1,1,1,1,1,1,1,1,1,1
24627,1,0,1,1,1,1,1,1,0,1,0
8000014,1,1,1,1,1,1,1,1,1,1,1
602,1,0,1,0,1,0,0,1,1,1,0
7922,1,0,0,0,0,0,0,0,0,0,0
1116,0,0,0,1,0,1,0,0,0,0,0
976229,1,1,1,1,1,1,1,1,1,1,0
3551,1,1,0,0,1,1,0,1,0,1,0
4107,1,1,0,0,0,0,0,0,0,0,0
30681,1,1,1,1,1,1,1,1,1,1,0
21851,1,1,0,1,1,0,0,0,0,0,0
20511,1,0,1,1,1,1,0,1,1,1,0
5100,1,0,1,1,1,0,1,0,1,1,0
13607,1,0,1,1,1,1,1,1,0,1,0
18645,1,0,0,0,1,0,0,0,0,1,1
875,1,0,1,1,1,1,0,1,0,1,1
9519,0,0,0,0,0,0,0,0,0,0,0
700289,1,1,1,1,1,1,1,1,1,1,0
100422,1,0,1,1,1,1,1,1,0,1,0
15555,0,1,1,1,0,0,1,1,0,1,0
15009,1,0,1,1,1,1,1,1,0,0,1
32763,1,1,1,1,1,1,1,1,1,1,0
14987,1,0,1,1,1,0,0,0,1,1,0
4478,1,1,1,1,0,1,1,1,0,1,1
14168,1,1,1,1,1,1,1,1,1,1,1
5967,1,0,0,0,0,0,0,0,0,0,0
13720,1,1,1,1,1,1,1,1,1,1,1
18039,1,1,1,1,1,1,1,1,1,1,1
975908,1,0,0,1,0,0,0,0,1,0,0
13226,1,1,1,1,1,1,1,1,1,1,1
8999,0,0,0,0,0,0,0,0,0,0,0
35445,1,1,1,1,0,1,0,1,0,0,1
13730,0,1,0,0,0,0,0,0,0,0,0
20324,1,0,1,0,0,0,0,0,1,1,0
30717,1,1,1,1,1,1,1,1,1,1,0
16310,1,1,1,1,1,1,0,1,1,1,1
4928,1,1,1,0,1,1,1,1,1,1,0
9105,0,0,0,0,0,0,0,0,0,0,0
3848,1,0,0,0,0,0,0,0,0,0,0
100379,1,0,0,1,1,1,0,1,0,1,0
5854,1,1,0,0,0,0,0,0,1,0,0
19739,0,1,0,0,0,0,0,0,0,1,0
850470,1,0,1,1,0,0,0,0,1,1,0
18037,0,0,0,0,0,0,0,0,0,0,0
975847,1,0,1,1,1,1,0,1,1,1,0
4802,1,0,1,0,1,1,1,1,0,0,0
16359,1,0,1,1,1,0,1,0,1,1,0
14313,1,1,1,1,1,1,1,1,1,1,1
12940,1,1,0,1,0,1,1,0,1,0,0
971177,1,1,1,1,1,1,1,1,1,1,0
20331,1,0,1,0,0,0,1,0,1,0,0
23655,1,1,1,1,1,1,1,1,1,1,1
19534,1,0,1,1,1,0,0,1,1,1,0
10012,1,0,1,0,1,0,0,1,1,1,0
23249,0,1,1,0,0,0,1,1,0,1,0
6150,1,0,1,0,0,1,0,0,0,1,0
958011,1,1,1,1,1,1,1,1,1,1,0
850267,1,0,1,1,1,1,0,1,0,1,0
19013,0,0,0,0,0,0,0,0,0,0,0
3783,1,0,0,0,0,0,0,0,0,0,0
100423,1,0,1,1,1,1,1,1,0,1,0
15574,1,1,1,1,0,1,1,1,0,1,1
12839,1,1,1,1,1,1,1,1,1,1,1
100381,1,0,0,1,1,1,0,1,0,1,0
7243,1,0,1,0,0,0,0,0,0,1,0
14393,1,0,1,1,1,1,1,1,0,0,1
100057,0,0,0,0,0,0,0,0,0,0,0
16497,0,0,1,0,0,0,0,0,0,0,0
800128,1,1,1,1,1,1,1,1,1,1,1
850306,1,0,1,0,1,0,1,1,1,1,0
20115,1,0,0,0,0,1,1,0,0,1,0
1341,1,1,1,1,1,1,1,1,1,1,1
568,1,0,1,1,1,0,1,1,1,1,1
15573,1,0,0,1,0,0,1,1,0,1,0
11849,0,1,1,0,0,0,1,0,0,0,0
9891,1,0,0,0,1,0,0,1,1,1,0
100373,1,0,0,1,1,1,0,1,0,1,0
701,0,0,0,1,0,1,1,0,0,1,0
20729,1,1,1,1,1,1,1,1,1,1,1
4963,1,0,1,1,1,1,0,1,0,1,0
17894,1,0,0,1,1,1,0,1,0,1,1
979241,1,0,0,1,1,0,0,0,1,1,0
20384,0,0,0,0,0,0,0,0,0,0,0
23134,0,0,0,1,0,0,0,0,0,0,0
13601,1,1,1,1,1,1,1,1,1,1,1
12682,1,1,1,1,1,1,1,1,1,1,0
5539,1,1,0,1,0,1,1,1,0,0,1
975865,1,0,0,0,0,0,0,0,0,0,0
35362,1,1,0,1,0,1,1,0,1,0,0
6115,1,1,1,1,0,1,0,1,1,0,1
